moviename,freqpeak
trial_1_V.mp4,0
trial_2_V.mp4,0
trial_3_V.mp4,0
trial_4_V.mp4,0
video_1_V.mp4,4
video_2_V.mp4,4
video_3_V.mp4,4
video_4_V.mp4,4
video_5_V.mp4,4
video_6_V.mp4,4
video_7_V.mp4,4
video_8_V.mp4,4
video_9_V.mp4,4
video_10_V.mp4,4
video_11_V.mp4,4
video_12_V.mp4,4
video_13_V.mp4,4
video_14_V.mp4,4
video_15_V.mp4,4
video_16_V.mp4,4
video_17_V.mp4,5
video_18_V.mp4,5
video_19_V.mp4,5
video_20_V.mp4,5
video_21_V.mp4,5
video_22_V.mp4,5
video_23_V.mp4,5
video_24_V.mp4,5
video_25_V.mp4,5
video_26_V.mp4,5
video_27_V.mp4,5
video_28_V.mp4,5
video_29_V.mp4,5
video_30_V.mp4,5
video_31_V.mp4,5
video_32_V.mp4,6
video_33_V.mp4,6
video_34_V.mp4,6
video_35_V.mp4,6
video_36_V.mp4,6
video_37_V.mp4,6
video_38_V.mp4,6
video_39_V.mp4,6
video_40_V.mp4,6
video_41_V.mp4,7
video_42_V.mp4,7
video_43_V.mp4,7
video_44_V.mp4,7
video_45_V.mp4,7
video_46_V.mp4,7
video_47_V.mp4,7
video_48_V.mp4,7
video_49_V.mp4,7
video_50_V.mp4,7
video_51_V.mp4,7
video_52_V.mp4,7
video_53_V.mp4,7
video_54_V.mp4,8
video_55_V.mp4,8
video_56_V.mp4,8
video_57_V.mp4,8
video_58_V.mp4,8
video_59_V.mp4,8
video_60_V.mp4,8
