MovieFile,freqpeak,stim_number
video_1_V.mp4,4,1
video_2_V.mp4,4,2
video_3_V.mp4,4,3
video_4_V.mp4,4,4
video_5_V.mp4,4,5
video_6_V.mp4,4,6
video_7_V.mp4,4,7
video_8_V.mp4,4,8
video_9_V.mp4,4,9
video_10_V.mp4,4,10
video_11_V.mp4,4,11
video_12_V.mp4,4,12
video_13_V.mp4,4,13
video_14_V.mp4,4,14
video_15_V.mp4,4,15
video_16_V.mp4,4,16
video_17_V.mp4,5,17
video_18_V.mp4,5,18
video_19_V.mp4,5,19
video_20_V.mp4,5,20
video_21_V.mp4,5,21
video_22_V.mp4,5,22
video_23_V.mp4,5,23
video_24_V.mp4,5,24
video_25_V.mp4,5,25
video_26_V.mp4,5,26
video_27_V.mp4,5,27
video_28_V.mp4,5,28
video_29_V.mp4,5,29
video_30_V.mp4,5,30
video_31_V.mp4,5,31
video_32_V.mp4,6,32
video_33_V.mp4,6,33
video_34_V.mp4,6,34
video_35_V.mp4,6,35
video_36_V.mp4,6,36
video_37_V.mp4,6,37
video_38_V.mp4,6,38
video_39_V.mp4,6,39
video_40_V.mp4,6,40
video_41_V.mp4,7,41
video_42_V.mp4,7,42
video_43_V.mp4,7,43
video_44_V.mp4,7,44
video_45_V.mp4,7,45
video_46_V.mp4,7,46
video_47_V.mp4,7,47
video_48_V.mp4,7,48
video_49_V.mp4,7,49
video_50_V.mp4,7,50
video_51_V.mp4,7,51
video_52_V.mp4,7,52
video_53_V.mp4,7,53
video_54_V.mp4,8,54
video_55_V.mp4,8,55
video_56_V.mp4,8,56
video_57_V.mp4,8,57
video_58_V.mp4,8,58
video_59_V.mp4,8,59
video_60_V.mp4,8,60
